source,id,date
google,541,2019-10-24
google,620,2020-01-14
bing,209,2019-09-03
t.co,1168,2019-11-22
linkedin.com,925,2020-01-28
startupawards.scot,1104,2019-11-19
linkedin.com,937,2019-09-09
Website Subscribers,1580,2019-09-18
bing,223,2019-09-21
Website Subscribers,1310,2020-02-22
Website Subscribers,1276,2019-10-01
Website Subscribers,1268,2019-12-03
bing,207,2019-12-18
uk.search.yahoo.com,1247,2020-02-04
google,627,2020-01-23
linkedin.com,972,2019-10-03
Website Subscribers,1367,2019-09-02
google,552,2020-02-21
CodeClan Employer Partners 2018,391,2019-10-27
linkedin.com,899,2019-11-14
bing,81,2020-01-04
Website Subscribers,1502,2019-09-08
bing,243,2019-10-08
bing,325,2020-02-24
google,746,2019-12-28
solarcity.com,1084,2020-01-30
designbyaika.com,453,2019-11-16
thisiscodebase.com,1237,2019-11-27
Website Subscribers,1299,2020-01-21
bing,204,2019-10-23
bing,154,2019-12-22
CodeClan Staff newsletter,425,2019-11-29
Website Subscribers,1370,2020-01-25
google,690,2019-10-30
bing,330,2019-12-18
Website Subscribers,1422,2019-09-17
google,706,2019-10-24
bing,309,2019-09-18
sogou,1090,2020-02-02
Website Subscribers,1514,2020-01-13
linkedin.com,853,2019-09-24
google,592,2020-01-21
statslife.org.uk,1100,2019-09-12
google,541,2019-10-24
bing,100,2019-09-03
Alumni Dec 2019,50,2019-09-13
Website Subscribers,1576,2019-10-04
google,714,2019-11-05
bing,292,2020-01-13
datafest.global,450,2020-01-04
cstool.www.linkedin.com,447,2019-11-06
bing,173,2020-01-14
Website Subscribers,1410,2020-01-17
kutyla.design,823,2019-10-10
linkedin.com,892,2019-10-01
google,694,2019-10-10
google,711,2019-10-04
quora.com,1040,2020-01-14
Website Subscribers,1342,2019-12-22
forms.zohopublic.eu,498,2020-01-02
linkedin.com,896,2019-10-02
Website Subscribers,1498,2019-10-07
google,526,2019-09-21
quora.com,1041,2019-10-26
Website Subscribers,1374,2019-09-24
Website Subscribers,1275,2019-12-02
Website Subscribers,1348,2019-11-17
linkedin.com,931,2020-01-07
scottishtechstartupawards.squarespace.com,1078,2019-09-30
google,553,2020-01-29
Website Subscribers,1483,2020-01-17
morelikehome.net,1007,2020-01-23
linkedin.com,893,2019-09-13
google,755,2019-09-27
bing,267,2019-11-14
CodeClan Employer Partners 2018,394,2019-11-12
casltd.com,361,2019-10-29
toolsoid.com,1236,2019-10-12
bing,256,2020-01-07
Website Subscribers,1574,2019-10-01
bing,286,2019-10-01
Website Subscribers,1597,2019-10-02
Website Subscribers,1374,2019-09-24
amazfitwatchfaces.com,58,2019-11-28
google,536,2019-10-24
t.co,1207,2019-09-24
medium.com,1001,2019-12-14
Website Subscribers,1326,2019-10-21
Website Subscribers,1277,2019-09-02
codeclan.com,419,2019-09-27
Website Subscribers,1571,2019-11-13
t.co,1156,2020-01-31
google,701,2020-02-03
Website Subscribers,1608,2020-02-21
google,585,2019-10-04
Alumni Dec 2019,28,2019-09-25
google,718,2019-09-02
Website Subscribers,1601,2019-11-26
linkedin.com,901,2019-11-05
linkedin.com,872,2019-10-25
bing,92,2019-11-21
google,710,2020-02-04
t.co,1200,2019-12-23
cozyhome101.com,440,2020-01-29
bing,291,2019-09-02
ecosia.org,480,2019-11-06
t.co,1135,2019-11-03
google,626,2019-10-15
google,708,2019-09-13
bing,259,2019-10-02
statslife.org.uk,1098,2019-11-07
codebar.io,376,2019-11-26
kutyla.design,825,2019-09-30
linkedin.com,950,2019-10-26
google,752,2019-09-08
google,562,2019-12-30
t.co,1141,2019-11-01
github.com,517,2020-01-23
google,587,2019-09-18
Website Subscribers,1286,2019-12-27
Website Subscribers,1372,2019-11-05
bing,97,2019-10-02
scottish-enterprise.com,1061,2019-12-27
bing,244,2020-02-29
t.co,1210,2019-11-27
t.co,1161,2019-10-21
CodeClan Employer Partners 2018,400,2019-11-26
linkedin.com,947,2019-11-20
Website Subscribers,1397,2019-10-25
mujerlilith.com,1010,2019-09-18
Website Subscribers,1301,2019-09-04
bing,260,2020-01-31
Website Subscribers,1610,2020-01-23
bing,102,2020-02-04
Website Subscribers,1516,2019-10-04
linkedin.com,876,2019-10-15
google,705,2019-11-13
nih.hie.co.uk,1015,2019-09-26
linkedin.com,842,2019-11-30
google,593,2019-11-28
Website Subscribers,1525,2019-11-11
google,642,2020-01-26
bing,278,2020-02-12
Website Subscribers,1408,2019-12-09
bing,335,2019-09-05
google,683,2019-09-05
secureweb.jpmchase.net,1072,2019-09-01
linkedin.com,950,2019-10-26
bing,327,2019-10-09
mail.google,988,2019-09-09
Website Subscribers,1528,2020-02-25
Website Subscribers,1375,2019-10-01
izito.ng,814,2019-11-30
codecoaching.ninja,419,2019-09-27
nl.pinterest.com,1028,2019-09-17
google,733,2020-02-11
callum-anderson.github.io,363,2020-02-05
bing,248,2020-02-03
bing,83,2019-12-28
Website Subscribers,1321,2019-09-01
CodeClan Employer Partners 2018,408,2020-02-11
Website Subscribers,1317,2020-01-13
bing,238,2019-09-27
bing,242,2020-02-03
Website Subscribers,1546,2019-12-03
Website Subscribers,1406,2019-11-06
linkedin.com,858,2020-02-29
Website Subscribers,1592,2019-09-20
google,559,2020-02-09
bing,208,2019-09-09
google,591,2019-09-23
bing,338,2020-01-17
linkedin.com,914,2019-09-23
Website Subscribers,1444,2019-09-20
results.searchlock.com,1049,2020-01-15
CodeClan Employer Partners 2018,398,2019-10-26
linkedin.com,879,2019-09-09
google,688,2019-09-05
google,715,2019-09-20
Website Subscribers,1316,2019-09-25
Alumni Dec 2019,25,2019-10-30
bing,270,2019-09-04
Website Subscribers,1611,2020-01-08
google,675,2019-11-18
google,541,2019-10-24
Website Subscribers,1358,2019-09-09
google,540,2019-09-25
hbooth.co.uk,771,2019-10-31
google,604,2020-01-10
Alumni Dec 2019,40,2019-10-15
bing,223,2019-09-21
businessevents.visitscotland.com,362,2019-11-28
google,598,2020-02-25
medium.com,1006,2019-10-05
bing,164,2019-11-30
bing,258,2019-11-29
t.co,1210,2019-11-27
Website Subscribers,1276,2019-10-01
t.co,1188,2020-02-12
bing,138,2019-10-05
statslife.org.uk,1094,2019-09-05
Website Subscribers,1491,2019-11-17
bing,238,2019-09-27
google,602,2020-01-11
linkedin.com,831,2020-02-03
l.messenger.com,826,2020-02-22
linkedin.com,837,2019-10-14
linkedin.com,969,2019-09-09
Website Subscribers,1527,2020-01-26
Website Subscribers,1313,2019-09-10
bing,132,2019-12-23
google,522,2019-11-14
thewhin.co,1229,2019-09-17
t.co,1212,2019-11-30
Website Subscribers,1553,2019-09-01
t.co,1137,2020-02-21
bing,278,2020-02-12
insider.co.uk,803,2020-01-08
Website Subscribers,1474,2019-11-21
t.co,1192,2019-12-25
sourcescrub.com,1088,2019-12-27
bing,326,2019-11-05
bing,176,2019-12-21
casltd.com,353,2019-09-09
Website Subscribers,1493,2020-01-29
google,563,2019-11-26
easy-website-traffic.com,482,2020-02-13
thesoftlanding.com,1233,2019-11-09
linkedin.com,863,2020-01-13
linkedin.com,977,2019-09-17
bing,117,2020-01-11
Website Subscribers,1609,2020-02-05
talentspark.scot,1226,2020-01-09
google,641,2019-09-29
bing,256,2020-01-07
blog.hackajob.co,352,2020-01-06
inverness-chamber.co.uk,793,2020-01-11
google,760,2019-10-26
linkedin.com,838,2019-09-13
bing,114,2019-10-06
google,738,2019-10-07
bing,308,2019-10-07
t.co,1206,2020-01-06
news.hie.co.uk,1018,2019-09-02
linkedin.com,846,2019-11-30
bing,190,2020-01-12
bing,97,2019-10-02
bing,201,2020-02-09
sp008.jpmchase.net,1080,2020-01-07
google,579,2020-02-02
google,589,2019-10-01
rss.org.uk,1056,2020-01-09
bing,189,2019-12-18
bing,223,2019-09-21
bing,141,2019-10-22
Website Subscribers,1281,2019-11-07
google,759,2019-11-01
google,571,2020-01-07
t.co,1170,2020-02-20
Alumni Dec 2019,26,2019-12-22
google,579,2020-02-02
talentspark.scot,1223,2019-09-09
linkedin.com,902,2019-10-09
google,566,2020-02-05
Website Subscribers,1376,2020-01-16
classroom.google,372,2020-01-20
Website Subscribers,1568,2020-02-09
Website Subscribers,1354,2019-11-10
google,604,2020-01-10
codebar.io,377,2020-01-13
google,758,2019-10-02
jc184.org,806,2019-09-20
google,742,2019-11-20
Website Subscribers,1361,2019-09-29
linkedin.com,909,2020-02-21
bing,172,2019-09-23
CodeClan Staff newsletter,423,2019-09-18
bing,258,2019-11-29
Website Subscribers,1296,2020-01-22
t.co,1155,2019-12-15
bing,134,2020-01-29
google,690,2019-10-30
CodeClan Employer Partners 2018,403,2019-09-25
Website Subscribers,1430,2019-09-10
statslife.org.uk,1093,2020-01-10
bing,257,2020-01-10
Website Subscribers,1383,2019-09-18
Website Subscribers,1545,2019-09-18
confluence.devops.lloydsbanking.com,433,2019-09-29
cdcs.ed.ac.uk,373,2019-09-08
bing,185,2019-10-24
linkedin.com,926,2019-12-03
bing,290,2020-02-01
Alumni Dec 2019,22,2019-09-27
linkedin.com,834,2020-02-06
technologyscotland.scot,1226,2020-01-09
Website Subscribers,1413,2019-11-30
google,685,2019-11-11
Website Subscribers,1349,2019-11-14
bing,296,2019-12-18
google,639,2020-02-04
Website Subscribers,1611,2020-01-08
Website Subscribers,1395,2019-09-23
google,727,2019-10-14
sp008.jpmchase.net,1085,2019-09-01
CodeClan Employer Partners 2018,414,2019-11-06
linkedin.com,880,2019-12-03
bing,263,2020-02-26
google,585,2019-10-04
classroom.google,373,2019-09-08
google,664,2020-01-02
engineering.linkedin.com,486,2020-02-12
linkedin.com,877,2019-10-01
bing,230,2019-09-03
CodeClan Employer Partners 2018,418,2019-10-12
bing,221,2019-10-16
Website Subscribers,1336,2020-02-26
bing,187,2019-10-14
bing,298,2020-02-20
forms.zohopublic.eu,497,2019-11-20
bing,235,2019-10-08
rss.org.uk,1050,2019-12-22
bing,273,2019-09-21
google,739,2020-01-31
google,655,2020-02-03
hie.node1.id-demo.co.uk,792,2019-12-30
google,561,2019-12-10
digitalworld.net,461,2019-10-28
bing,159,2019-11-07
Alumni Dec 2019,34,2020-01-30
google,686,2019-11-01
bing,239,2019-09-13
google,639,2020-02-04
Website Subscribers,1595,2020-01-31
bing,319,2020-01-09
holamundopodcast.com,789,2019-09-06
old.reddit.com,1034,2019-12-30
Website Subscribers,1367,2019-09-02
bing,261,2019-10-31
Website Subscribers,1298,2020-01-31
Website Subscribers,1516,2019-10-04
Website Subscribers,1571,2019-11-13
Website Subscribers,1378,2019-09-09
davidpears.com,446,2019-09-24
linkedin.com,928,2019-10-03
bing,191,2020-01-13
Alumni Dec 2019,16,2020-01-23
google,527,2019-09-09
linkedin.com,858,2020-02-29
jumpingrivers.com,813,2019-09-25
Alumni Dec 2019,18,2019-10-01
Website Subscribers,1455,2019-09-21
Website Subscribers,1594,2020-01-01
bing,221,2019-10-16
Website Subscribers,1423,2020-01-06
xdesign.com,1633,2020-01-26
Alumni Dec 2019,28,2019-09-25
Website Subscribers,1607,2019-10-07
bing,279,2019-11-06
datafest.global,447,2019-11-06
google,739,2020-01-31
hienterprise.sharepoint.com,781,2020-01-31
codeclan.com,419,2019-09-27
indez.com,803,2020-01-08
Website Subscribers,1591,2020-01-29
linkedin.com,844,2019-11-29
Website Subscribers,1403,2019-11-12
Alumni Dec 2019,54,2020-01-14
classroom.google,372,2020-01-20
codeclan.richardhickson.com,425,2019-11-29
ask,68,2019-10-08
google,545,2020-01-07
technologyscotland.scot,1225,2020-02-20
digitalworld.net,458,2019-09-24
codebar.io,376,2019-11-26
bing,350,2019-12-14
pwc.co.uk,1036,2020-01-08
google,558,2019-09-23
linkedin.com,854,2019-10-01
bing,104,2019-09-06
bing,125,2020-02-07
Website Subscribers,1382,2019-09-10
bing,242,2020-02-03
t.co,1173,2019-10-07
CodeClan Employer Partners 2018,407,2019-09-12
medium.com,1007,2020-01-23
google,535,2019-09-29
Alumni Dec 2019,16,2020-01-23
scotlandis.com,1061,2019-12-27
CodeClan Employer Partners 2018,407,2019-09-12
Website Subscribers,1434,2020-02-26
casltd.com,352,2020-01-06
Website Subscribers,1480,2019-11-05
desktop-documentaries.com,448,2020-01-06
Alumni Dec 2019,28,2019-09-25
linkedin.com,954,2019-10-01
izito.ng,818,2019-12-22
Website Subscribers,1580,2019-09-18
t.co,1180,2019-10-08
google,641,2019-09-29
Website Subscribers,1456,2019-11-12
github.com,521,2019-10-14
sandersonplc.com,1066,2020-01-13
Website Subscribers,1480,2019-11-05
google,625,2019-11-06
Website Subscribers,1432,2020-01-11
bing,263,2020-02-26
bing,143,2020-01-26
Website Subscribers,1474,2019-11-21
bing,192,2019-09-01
google,574,2020-01-15
bing,157,2019-10-21
t.co,1180,2019-10-08
zapmeta.ws,1635,2020-02-05
Website Subscribers,1325,2019-11-18
google,559,2020-02-09
bing,81,2020-01-04
bing,182,2020-01-23
google,566,2020-02-05
linkedin.com,911,2019-10-03
wunderlist.com,1625,2019-10-12
google,632,2020-01-12
google,717,2019-09-23
bing,263,2020-02-26
bing,350,2019-12-14
nih.hie.co.uk,1014,2019-10-11
Website Subscribers,1456,2019-11-12
linkedin.com,898,2020-01-20
google,588,2019-12-23
scotlandis.com,1066,2020-01-13
uktech.news,1263,2019-10-27
Website Subscribers,1574,2019-10-01
linkedin.com,926,2019-12-03
rachelblog.online,1052,2020-02-02
plus.google,1046,2019-09-18
news.hie.co.uk,1022,2019-11-03
Website Subscribers,1316,2019-09-25
Website Subscribers,1516,2019-10-04
google,573,2019-11-05
t.co,1200,2019-12-23
google,699,2019-12-14
bing,252,2019-09-21
t.co,1151,2019-09-12
bing,133,2019-09-17
bing,196,2019-12-03
Website Subscribers,1448,2019-10-05
Website Subscribers,1512,2020-01-10
linkedin.com,872,2019-10-25
linkedin.com,915,2019-12-22
Website Subscribers,1280,2020-01-09
bing,112,2020-02-04
Website Subscribers,1335,2019-09-12
bing,142,2019-10-11
Website Subscribers,1346,2019-09-30
t.co,1197,2019-10-21
linkedin.com,857,2019-12-13
Website Subscribers,1270,2019-09-03
google,543,2020-02-05
google,631,2019-10-11
bing,260,2020-01-31
linkedin.com,863,2020-01-13
Website Subscribers,1481,2019-09-24
codebar.io,368,2019-10-03
Website Subscribers,1575,2019-10-02
secureweb.jpmchase.net,1075,2020-01-13
Website Subscribers,1574,2019-10-01
google,698,2019-11-11
twitter.com,1255,2019-10-17
Website Subscribers,1393,2020-02-03
bing,276,2020-01-30
google,567,2019-12-09
twitter.com,1247,2020-02-04
bing,279,2019-11-06
bing,101,2020-01-06
twitter.com,1252,2019-09-04
Website Subscribers,1551,2020-01-26
google,586,2019-10-03
google,653,2019-12-28
scottishtechstartupawards.squarespace.com,1069,2019-09-02
bing,272,2019-09-17
nih.hie.co.uk,1014,2019-10-11
sqaacademy.org.uk,1082,2020-01-31
reddit.com,1053,2019-12-11
seu.brightspace.com,1077,2019-11-05
statslife.org.uk,1099,2020-01-05
openmultipleurl.com,1035,2020-01-13
t.co,1165,2019-10-26
google,646,2019-10-08
bing,169,2019-09-18
blacksmith.jooble.com,362,2019-11-28
google,613,2019-09-29
bing,295,2019-12-10
google,621,2019-09-02
Website Subscribers,1537,2019-11-17
google,601,2019-12-28
gstatic.com,776,2020-01-29
Website Subscribers,1460,2019-11-30
Website Subscribers,1565,2019-10-02
google,609,2019-10-27
nih.hie.co.uk,1019,2019-09-09
gstatic.com,771,2019-10-31
linkedin.com,897,2019-09-22
bing,253,2019-12-10
bing,233,2019-09-12
bing,93,2019-10-21
Website Subscribers,1369,2020-02-04
Website Subscribers,1458,2020-02-29
bing,154,2019-12-22
pl.search.yahoo.com,1040,2020-01-14
nih.hie.co.uk,1019,2019-09-09
Website Subscribers,1387,2020-01-13
Alumni Dec 2019,33,2019-09-19
linkedin.com,917,2019-11-26
CodeClan Employer Partners 2018,391,2019-10-27
bing,163,2019-09-18
linkedin.com,978,2020-01-26
linkedin.com,892,2019-10-01
bing,125,2020-02-07
bing,111,2019-10-24
t.co,1180,2019-10-08
Website Subscribers,1367,2019-09-02
ecosia.org,482,2020-02-13
Website Subscribers,1506,2019-09-24
datafest.global,449,2019-12-25
Website Subscribers,1571,2019-11-13
crambler.com,439,2019-10-07
bing,337,2020-02-17
t.co,1118,2019-11-13
bing,85,2019-09-16
Website Subscribers,1320,2019-11-21
google,619,2020-01-09
Website Subscribers,1365,2020-02-05
t.co,1184,2019-11-27
linkedin.com,943,2019-12-21
blog.sustainability.ed.ac.uk,358,2019-09-29
Website Subscribers,1355,2019-11-09
programmatic,1040,2020-01-14
yandex.ru,1629,2019-09-18
google,763,2019-10-05
bing,258,2019-11-29
t.co,1206,2020-01-06
Website Subscribers,1370,2020-01-25
Website Subscribers,1549,2019-09-12
google,698,2019-11-11
workpro.com,1623,2019-11-30
ecosia.org,473,2020-02-23
Website Subscribers,1497,2019-10-17
blogs.gov.scot,358,2019-09-29
statslife.org.uk,1101,2019-11-30
google,557,2020-02-21
blogs.gov.scot,351,2020-01-09
linkedin.com,859,2019-12-23
edweb.ed.ac.uk,473,2020-02-23
google,560,2019-10-14
bing,254,2019-09-02
bing,221,2019-10-16
linkedin.com,961,2020-01-08
3DWebsite Subscribers,1,2020-01-25
google,559,2020-02-09
Website Subscribers,1513,2019-09-22
amazon.com,59,2020-02-01
linkedin.com,898,2020-01-20
hie.alpha.id-demo.co.uk,774,2019-09-09
Website Subscribers,1570,2019-09-24
bing,262,2020-02-04
bing,137,2019-09-04
linkedin.com,895,2019-09-17
google,625,2019-11-06
Website Subscribers,1360,2019-09-22
google,625,2019-11-06
google,629,2019-11-18
Website Subscribers,1601,2019-11-26
Website Subscribers,1294,2019-09-13
Website Subscribers,1599,2020-01-04
bing,148,2020-02-03
statslife.org.uk,1093,2020-01-10
quora.com,1037,2019-09-03
Website Subscribers,1463,2019-11-01
google,675,2019-11-18
Website Subscribers,1296,2020-01-22
Website Subscribers,1518,2019-11-25
Website Subscribers,1348,2019-11-17
msn.com,1004,2019-11-14
bing,271,2020-02-03
bing,339,2019-09-19
statslife.org.uk,1103,2019-11-01
statslife.org.uk,1099,2020-01-05
turingfest.com,1238,2020-01-10
secureweb.jpmchase.net,1069,2019-09-02
t.co,1149,2019-11-03
izito.ng,816,2019-11-01
Website Subscribers,1373,2019-10-06
ecosia.org,472,2019-09-02
bing,246,2019-09-20
t.co,1147,2019-09-18
Alumni Dec 2019,43,2020-02-24
bing,286,2019-10-01
Website Subscribers,1421,2019-09-11
Website Subscribers,1352,2020-02-03
Alumni Dec 2019,48,2019-09-17
google,544,2020-02-21
bing,99,2020-02-02
bing,288,2019-09-22
classroom.google,376,2019-11-26
ask,66,2020-01-14
google,682,2019-11-07
codeclan.richardhickson.com,429,2020-01-13
t.co,1190,2020-02-24
linkedin.com,831,2020-02-03
google,585,2019-10-04
Website Subscribers,1317,2020-01-13
t.co,1148,2019-11-17
Alumni Dec 2019,40,2019-10-15
google,693,2019-10-02
bing,215,2020-02-20
facebook.com,493,2019-10-04
bing,109,2020-02-07
google,602,2020-01-11
github.com,516,2020-02-25
Website Subscribers,1472,2019-09-16
google,641,2019-09-29
deref-mail.com,445,2019-12-30
wojtekkutyla.pl,1624,2019-11-26
Website Subscribers,1549,2019-09-12
ed.ac.uk,481,2019-09-06
google,696,2019-09-03
davidpears.com,455,2019-09-04
businessevents.visitscotland.com,360,2019-11-25
Website Subscribers,1385,2020-02-20
Website Subscribers,1553,2019-09-01
Website Subscribers,1400,2020-01-28
mail.yahoo.com,996,2019-09-06
linkedin.com,936,2019-09-27
Website Subscribers,1268,2019-12-03
Website Subscribers,1270,2019-09-03
bing,162,2019-09-18
Website Subscribers,1525,2019-11-11
Website Subscribers,1604,2019-10-09
Website Subscribers,1575,2019-10-02
google,729,2019-09-02
insider.co.uk,795,2019-10-14
hie.co.uk,783,2020-02-06
Website Subscribers,1466,2019-09-02
Website Subscribers,1447,2019-09-20
Website Subscribers,1517,2020-02-03
Website Subscribers,1390,2019-12-15
Website Subscribers,1309,2020-01-10
bing,259,2019-10-02
edweb.ed.ac.uk,477,2019-09-23
Website Subscribers,1356,2019-09-05
statslife.org.uk,1103,2019-11-01
welcometocoronado.com,1624,2019-11-26
ecosia.org,478,2019-10-24
codebar.io,365,2019-09-13
Alumni Dec 2019,45,2019-09-04
bing,238,2019-09-27
linkedin.com,892,2019-10-01
Website Subscribers,1514,2020-01-13
bing,140,2019-09-30
amazon.com,56,2019-09-29
ask,67,2019-10-09
bing,283,2020-02-13
google,723,2019-09-24
google,733,2020-02-11
google,670,2019-12-10
Website Subscribers,1326,2019-10-21
google,664,2020-01-02
bing,157,2019-10-21
twitter.com,1253,2019-09-29
bing,344,2019-12-29
google,581,2019-09-16
Website Subscribers,1373,2019-10-06
favoritefreezerfoods.com,488,2019-09-03
Website Subscribers,1496,2019-12-28
Website Subscribers,1476,2020-01-30
instagram.com,797,2019-10-10
google,612,2020-02-05
healthyeater.com,776,2020-01-29
google,609,2019-10-27
ed.ac.uk,482,2020-02-13
Website Subscribers,1404,2019-12-10
google,697,2020-01-15
bing,177,2019-09-16
bing,194,2020-02-26
bing,329,2019-10-10
Website Subscribers,1616,2019-12-18
google,594,2020-01-07
docs.google,459,2020-01-07
google,565,2020-02-07
Website Subscribers,1281,2019-11-07
t.co,1122,2019-11-05
google,669,2019-09-22
nih.hie.co.uk,1023,2019-11-12
bing,325,2020-02-24
Website Subscribers,1310,2020-02-22
gov.scot,774,2019-09-09
ourskillsforce.co.uk,1032,2019-12-01
bing,143,2020-01-26
Website Subscribers,1381,2019-11-22
CodeClan Employer Partners 2018,384,2020-01-14
complete-score.com,434,2020-01-12
Website Subscribers,1343,2019-10-10
Website Subscribers,1432,2020-01-11
lm.facebook.com,987,2020-02-01
maps.apple.com,997,2019-11-06
casltd.com,352,2020-01-06
eventbrite.co.uk,495,2019-10-14
thisiscodebase.com,1236,2019-10-12
uk.mail.yahoo.com,1251,2019-10-14
linkedin.com,882,2019-10-11
t.co,1133,2019-09-03
Website Subscribers,1390,2019-12-15
bing,97,2019-10-02
gstatic.com,774,2019-09-09
linkedin.com,959,2019-09-17
coursereport,441,2020-01-31
google,719,2020-01-14
bing,174,2019-09-10
find.techin.scot,495,2019-10-14
google,528,2019-09-24
bing,147,2019-09-23
bing,112,2020-02-04
justhungry.com,812,2020-01-10
Website Subscribers,1475,2020-02-25
google,697,2020-01-15
google,621,2019-09-02
Website Subscribers,1481,2019-09-24
m.search2.co,986,2019-11-27
bing,256,2020-01-07
bing,272,2019-09-17
bing,184,2019-10-02
linkedin.com,943,2019-12-21
t.co,1122,2019-11-05
linkedin.com,929,2019-09-25
Website Subscribers,1386,2019-10-09
bing,221,2019-10-16
t.co,1170,2020-02-20
t.co,1125,2019-11-14
Website Subscribers,1398,2019-09-02
bing,175,2019-09-01
bing,306,2020-02-04
secureweb.jpmchase.net,1069,2019-09-02
bing,349,2019-09-08
CodeClan Employer Partners 2018,385,2020-02-04
wo.hicloud.com,1622,2019-10-21
bing,182,2020-01-23
Website Subscribers,1496,2019-12-28
Website Subscribers,1438,2020-02-24
Website Subscribers,1584,2019-11-08
turingfest.com,1239,2019-12-04
Website Subscribers,1480,2019-11-05
maas-scotland.com,979,2019-10-25
bing,198,2020-01-30
linkedin.com,970,2019-09-09
education.github.com,480,2019-11-06
statslife.org.uk,1108,2019-12-03
linkedin.com,943,2019-12-21
Website Subscribers,1499,2020-02-12
Website Subscribers,1551,2020-01-26
Website Subscribers,1387,2020-01-13
google,571,2020-01-07
Website Subscribers,1511,2019-09-06
t.co,1182,2020-01-31
Website Subscribers,1424,2019-10-05
t.co,1196,2020-01-30
codebar.io,364,2020-02-29
Website Subscribers,1316,2019-09-25
Website Subscribers,1417,2020-01-02
google,631,2019-10-11
bing,186,2020-01-08
bing,253,2019-12-10
indeed.co.uk,800,2020-01-31
googleads.g.doubleclick.net,779,2020-01-29
poczta.wp.pl,1041,2019-10-26
google,708,2019-09-13
google,558,2019-09-23
linkedin.com,911,2019-10-03
Website Subscribers,1558,2019-12-23
linkedin.com,971,2019-10-07
amazon.com,64,2019-11-14
Website Subscribers,1528,2020-02-25
google,522,2019-11-14
bing,78,2020-01-12
bing,189,2019-12-18
Website Subscribers,1362,2019-09-02
google,688,2019-09-05
bing,142,2019-10-11
maas-scotland.com,983,2019-09-06
ask,68,2019-10-08
bing,322,2019-10-04
linkedin.com,964,2019-09-09
google,740,2020-01-14
linkedin.com,919,2019-11-06
t.co,1137,2020-02-21
google,528,2019-09-24
Website Subscribers,1434,2020-02-26
Website Subscribers,1317,2020-01-13
t.co,1204,2020-01-17
Alumni Dec 2019,14,2019-12-18
Website Subscribers,1537,2019-11-17
bing,102,2020-02-04
linkedin.com,849,2020-01-10
Alumni Dec 2019,35,2019-11-14
Website Subscribers,1286,2019-12-27
google,540,2019-09-25
datafest.global,455,2019-09-04
Website Subscribers,1562,2019-10-27
google,628,2019-11-08
bing,320,2019-10-02
bing,134,2020-01-29
zapmeta.com.br,1632,2020-02-05
CodeClan Employer Partners 2018,401,2019-09-21
Website Subscribers,1517,2020-02-03
Website Subscribers,1386,2019-10-09
Website Subscribers,1430,2019-09-10
Website Subscribers,1361,2019-09-29
codebar.io,368,2019-10-03
Website Subscribers,1479,2020-01-23
bing,344,2019-12-29
google,530,2020-01-30
Website Subscribers,1473,2020-01-26
veramichael.top,1261,2020-01-09
bing,324,2019-12-21
bing,106,2019-10-27
Website Subscribers,1571,2019-11-13
t.co,1126,2019-10-24
glassdoor.co.uk,510,2020-01-11
bing,81,2020-01-04
Website Subscribers,1474,2019-11-21
turingfest.com,1242,2020-01-26
plus.url.google,1047,2019-10-24
bing,125,2020-02-07
linkedin.com,848,2019-11-11
bing,304,2019-09-08
Website Subscribers,1544,2019-12-23
Website Subscribers,1429,2019-09-09
Website Subscribers,1365,2020-02-05
coursebud.com,435,2019-12-23
bing,295,2019-12-10
bing,227,2020-01-14
pfsensesetup.com,1029,2019-09-02
Website Subscribers,1271,2020-01-20
github.com,510,2020-01-11
Website Subscribers,1338,2020-01-28
Website Subscribers,1596,2020-01-27
google,558,2019-09-23
linkedin.com,883,2020-02-13
google,525,2019-11-06
Alumni Dec 2019,43,2020-02-24
forms.zohopublic.eu,505,2019-11-17
linkedin.com,843,2019-09-29
linkedin.com,852,2019-11-26
bing,287,2019-09-06
linkedin.com,965,2019-09-22
t.co,1129,2020-01-29
Website Subscribers,1422,2019-09-17
linkedin.com,847,2019-10-07
google,589,2019-10-01
casebagsy.com,359,2020-01-07
google,654,2019-12-02
bing,99,2020-02-02
alternative-medicine-digest.com,9,2020-01-28
Website Subscribers,1368,2019-11-25
google,720,2019-10-09
Alumni Dec 2019,47,2019-09-09
maas-scotland.com,981,2019-11-16
bing,260,2020-01-31
linkedin.com,913,2019-10-02
Website Subscribers,1353,2020-01-11
google,567,2019-12-09
bing,348,2019-12-02
linkedin.com,844,2019-11-29
Website Subscribers,1593,2019-10-02
thisiscodebase.com,1241,2019-09-13
digitalworld.net,466,2020-02-24
linkedin.com,928,2019-10-03
scottishtechstartupawards.squarespace.com,1073,2019-11-18
google,664,2020-01-02
Website Subscribers,1436,2020-02-04
Website Subscribers,1285,2020-02-04
scottishlivingwage.org,1074,2020-02-26
google,572,2019-11-30
forms.zohopublic.eu,500,2019-12-30
linkedin.com,933,2019-10-26
bing,235,2019-10-08
Website Subscribers,1520,2019-09-09
codebar.io,377,2020-01-13
Website Subscribers,1544,2019-12-23
Website Subscribers,1312,2019-12-04
Website Subscribers,1391,2019-10-05
google,668,2020-02-03
linkedin.com,865,2019-09-13
t.co,1114,2020-01-31
t.co,1179,2019-09-03
bing,208,2019-09-09
Website Subscribers,1485,2019-10-01
plus.url.google,1047,2019-10-24
thisiscodebase.com,1243,2020-01-29
Alumni Dec 2019,32,2019-09-03
Website Subscribers,1489,2019-11-12
kaufen.plus,817,2019-12-22
bing,88,2019-11-27
knowledgepool.lightning.force.com,821,2019-10-10
linkedin.com,940,2019-11-04
t.co,1113,2019-12-27
Website Subscribers,1568,2020-02-09
Alumni Dec 2019,34,2020-01-30
Alumni Dec 2019,27,2020-01-06
confluence.devops.lloydsbanking.com,443,2020-02-03
Website Subscribers,1599,2020-01-04
Website Subscribers,1279,2019-09-09
Website Subscribers,1485,2019-10-01
bing,177,2019-09-16
deref-gmx.com,445,2019-12-30
google,761,2019-09-13
Alumni Dec 2019,44,2020-02-01
old.reddit.com,1030,2019-09-09
blogs.gov.scot,357,2019-09-09
t.co,1204,2020-01-17
google,539,2020-01-13
bing,171,2020-01-11
sdi.co.uk,1071,2019-12-13
scottishlivingwage.org,1069,2019-09-02
Website Subscribers,1358,2019-09-09
google,687,2019-09-24
google,692,2019-09-12
Website Subscribers,1456,2019-11-12
bing,239,2019-09-13
zapmeta.com.br,1633,2020-01-26
t.co,1159,2020-02-22
ecosia.org,471,2019-11-08
blogs.gov.scot,357,2019-09-09
deref-gmx.com,455,2019-09-04
Website Subscribers,1356,2019-09-05
t.co,1186,2019-11-30
workoutgadget.com,1625,2019-10-12
bing,141,2019-10-22
linkedin.com,957,2020-02-28
l.messenger.com,827,2019-10-10
t.co,1191,2019-09-02
Website Subscribers,1386,2019-10-09
bing,279,2019-11-06
bing,307,2020-01-05
nih.hie.co.uk,1013,2019-10-02
t.co,1211,2019-12-02
bing,151,2019-09-24
bing,112,2020-02-04
datafest.global,450,2020-01-04
classroom.google,369,2020-01-20
google,655,2020-02-03
Website Subscribers,1613,2019-09-03
bing,233,2019-09-12
Website Subscribers,1485,2019-10-01
Website Subscribers,1477,2019-09-24
Website Subscribers,1430,2019-09-10
google,603,2020-01-28
google,727,2019-10-14
Website Subscribers,1326,2019-10-21
CodeClan Employer Partners 2018,395,2019-09-09
Website Subscribers,1292,2020-01-17
bing,294,2020-02-05
indeed.co.uk,801,2020-01-07
t.co,1180,2019-10-08
linkedin.com,910,2020-02-28
t.co,1206,2020-01-06
google,639,2020-02-04
google,573,2019-11-05
bing,120,2019-10-28
google,736,2019-09-09
Website Subscribers,1571,2019-11-13
bing,270,2019-09-04
google,763,2019-10-05
Website Subscribers,1422,2019-09-17
github.com,514,2019-11-04
bing,191,2020-01-13
t.co,1116,2019-12-22
google,663,2020-01-06
indeed.co.uk,798,2019-10-09
t.co,1117,2019-09-05
thinkwhere.com,1234,2020-01-30
Website Subscribers,1430,2019-09-10
google,532,2019-09-03
t.co,1120,2019-09-30
linkedin.com,881,2020-01-17
weburlopener.com,1627,2020-01-30
Website Subscribers,1461,2020-02-05
workpro.com,1625,2019-10-12
google,620,2020-01-14
google,546,2019-09-30
Website Subscribers,1303,2019-10-28
cozyhome101.com,431,2019-12-03
linkedin.com,843,2019-09-29
bing,174,2019-09-10
Alumni Dec 2019,53,2019-10-04
Website Subscribers,1282,2019-11-19
old.reddit.com,1031,2020-02-03
t.co,1162,2020-01-25
inverness-chamber.co.uk,805,2019-10-01
healthranks.org,767,2020-01-02
us11.admin.mailchimp.com,1262,2020-02-19
statslife.org.uk,1102,2020-01-28
secureweb.jpmchase.net,1079,2019-09-13
Website Subscribers,1616,2019-12-18
google,694,2019-10-10
google,599,2019-09-16
l.messenger.com,829,2019-11-20
Website Subscribers,1568,2020-02-09
linkedin.com,939,2020-01-03
linkedin.com,868,2019-11-26
bing,113,2020-01-30
google,613,2019-09-29
google,703,2019-12-27
Website Subscribers,1420,2019-12-09
t.co,1205,2020-02-03
bing,170,2020-01-20
Website Subscribers,1434,2020-02-26
linkedin.com,967,2020-01-31
t.co,1125,2019-11-14
deref-gmx.com,455,2019-09-04
insider.co.uk,802,2020-01-09
pwc.co.uk,1040,2020-01-14
Alumni Dec 2019,32,2019-09-03
search.lilo.org,1069,2019-09-02
bluesblast.com,361,2019-10-29
bing,303,2020-01-17
Website Subscribers,1484,2020-01-31
rss.org.uk,1059,2019-10-01
t.co,1133,2019-09-03
bing,200,2019-09-18
google,553,2020-01-29
bing,91,2019-12-19
insider.co.uk,794,2019-10-17
google,630,2019-09-13
bing,138,2019-10-05
bing,156,2019-11-13
thedailybeast.com,1223,2019-09-09
Website Subscribers,1452,2019-09-04
google,538,2019-11-26
google,619,2020-01-09
google,605,2020-01-15
google,711,2019-10-04
bing,333,2020-02-20
Website Subscribers,1482,2019-09-05
linkedin.com,886,2020-01-09
britgeopeople.blogspot.com,351,2020-01-09
google,699,2019-12-14
Website Subscribers,1382,2019-09-10
Website Subscribers,1507,2020-01-27
Website Subscribers,1509,2019-11-05
Alumni Dec 2019,30,2020-02-05
Website Subscribers,1469,2020-02-27
google,622,2019-12-18
bing,254,2019-09-02
Alumni Dec 2019,37,2019-10-15
Website Subscribers,1475,2020-02-25
bing,349,2019-09-08
eu.docusign.net,495,2019-10-14
bing,174,2019-09-10
saigaijyouhou.com,1066,2020-01-13
businessevents.visitscotland.com,355,2019-11-26
localhost:8080,987,2020-02-01
Website Subscribers,1571,2019-11-13
google,753,2019-09-16
Website Subscribers,1484,2020-01-31
Website Subscribers,1611,2020-01-08
Website Subscribers,1272,2019-11-27
forms.zohopublic.eu,497,2019-11-20
bing,220,2019-09-03
Website Subscribers,1303,2019-10-28
t.co,1141,2019-11-01
Website Subscribers,1574,2019-10-01
google,546,2019-09-30
alternative-medicine-digest.com,10,2020-01-30
CodeClan Employer Partners 2018,389,2019-10-24
linkedin.com,877,2019-10-01
google,596,2020-02-07
bing,209,2019-09-03
linkedin.com,848,2019-11-11
Website Subscribers,1489,2019-11-12
bing,312,2019-12-29
coderlist.io,430,2020-02-25
t.co,1163,2020-02-03
Website Subscribers,1376,2020-01-16
ecosia.org,475,2019-11-08
Website Subscribers,1276,2019-10-01
google,576,2020-01-10
linkedin.com,899,2019-11-14
wikihow.com,1623,2019-11-30
google,734,2020-02-05
google,619,2020-01-09
t.co,1196,2020-01-30
bing,97,2019-10-02
insider.co.uk,798,2019-10-09
ecosia.org,480,2019-11-06
linkedin.com,938,2019-11-11
google,622,2019-12-18
opportunities.creativescotland.com,1031,2020-02-03
Website Subscribers,1417,2020-01-02
googleads.g.doubleclick.net,770,2020-02-03
bing,168,2020-01-04
Website Subscribers,1432,2020-01-11
google,538,2019-11-26
google,648,2019-09-13
wikihow.com,1627,2020-01-30
Alumni Dec 2019,44,2020-02-01
bing,191,2020-01-13
bing,186,2020-01-08
Website Subscribers,1603,2019-09-03
Website Subscribers,1505,2020-01-14
startupawards.scot,1097,2019-10-07
Website Subscribers,1546,2019-12-03
google,611,2019-10-05
zapmeta.com.br,1632,2020-02-05
tvsquared.com,1255,2019-10-17
yammer.com,1628,2020-01-12
forms.zohopublic.eu,498,2020-01-02
Website Subscribers,1345,2020-02-04
google,629,2019-11-18
Website Subscribers,1450,2020-01-15
medium.com,1003,2019-09-09
google,528,2019-09-24
hs_email,783,2020-02-06
google,584,2019-09-03
digit.fyi,468,2019-11-25
linkedin.com,954,2019-10-01
linkedin.com,930,2019-09-12
t.co,1137,2020-02-21
forms.zohopublic.eu,496,2019-10-09
bing,203,2019-10-10
bing,329,2019-10-10
Website Subscribers,1427,2019-09-24
google,624,2019-12-18
bing,149,2019-12-04
Website Subscribers,1281,2019-11-07
datafest.global,454,2019-12-28
google,727,2019-10-14
creativecitychallenge.com,441,2020-01-31
linkedin.com,935,2019-11-30
3DWebsite Subscriber=,6,2019-11-14
google,525,2019-11-06
google,638,2020-01-29
twitter.com,1252,2019-09-04
bing,218,2019-10-05
leidos.com,820,2020-02-21
linkedin.com,969,2019-09-09
CodeClan Employer Partners 2018,387,2019-09-25
bing,220,2019-09-03
t.co,1162,2020-01-25
eu.docusign.net,492,2019-09-30
old.reddit.com,1027,2019-09-01
t.co,1161,2019-10-21
Website Subscribers,1276,2019-10-01
indeed.co.uk,795,2019-10-14
3DWebsite Subscribers,10,2020-01-30
google,541,2019-10-24
Website Subscribers,1297,2019-11-19
Website Subscribers,1447,2019-09-20
tab-home.com,1216,2020-01-13
bing,328,2019-09-12
google,622,2019-12-18
bing,223,2019-09-21
bing,190,2020-01-12
t.co,1137,2020-02-21
search.lilo.org,1079,2019-09-13
google,760,2019-10-26
bing,230,2019-09-03
androidfact.com,59,2020-02-01
frankgroup.lightning.force.com,497,2019-11-20
Website Subscribers,1559,2019-12-22
bing,308,2019-10-07
ux.btmail.bt.com,1258,2020-02-06
linkedin.com,898,2020-01-20
Alumni Dec 2019,29,2019-09-04
Website Subscribers,1322,2019-09-02
hs_email,782,2020-01-14
Admedo Retargeting,8,2019-09-15
linkedin.com,850,2020-01-21
classroom.google,366,2019-10-20
Website Subscribers,1461,2020-02-05
statslife.org.uk,1100,2019-09-12
womenintechscotland.com,1626,2020-01-05
Alumni Dec 2019,43,2020-02-24
Alumni Dec 2019,49,2019-09-29
bing,310,2020-01-30
bing,290,2020-02-01
bing,300,2019-09-09
google,525,2019-11-06
Website Subscribers,1370,2020-01-25
linkedin.com,848,2019-11-11
google,727,2019-10-14
linkedin.com,917,2019-11-26
bing,229,2019-11-28
bing,183,2020-02-23
Website Subscribers,1534,2019-10-17
bing,287,2019-09-06
t.co,1126,2019-10-24
Website Subscribers,1374,2019-09-24
Website Subscribers,1555,2019-12-04
Website Subscribers,1536,2019-09-25
deref-mail.com,452,2019-09-02
Website Subscribers,1616,2019-12-18
bing,164,2019-11-30
linkedin.com,959,2019-09-17
Website Subscribers,1394,2019-09-29
Website Subscribers,1417,2020-01-02
bing,294,2020-02-05
t.co,1177,2020-01-26
linkedin.com,885,2020-02-26
automotiveforums.com,75,2019-09-02
Website Subscribers,1404,2019-12-10
wunderlist.com,1618,2020-02-24
Website Subscribers,1602,2019-12-10
turingfest.com,1245,2019-12-08
Alumni Dec 2019,46,2020-02-05
xdesign.com,1629,2019-09-18
Website Subscribers,1473,2020-01-26
bing,205,2020-01-14
google,689,2020-02-06
t.co,1210,2019-11-27
bing,175,2019-09-01
google,595,2019-09-02
google,541,2019-10-24
turingfest.com,1238,2020-01-10
t.co,1204,2020-01-17
linkedin.com,859,2019-12-23
github.com,516,2020-02-25
google,538,2019-11-26
jumpingrivers.com,808,2019-10-10
linkedin.com,883,2020-02-13
davidpears.com,456,2020-02-03
google,679,2020-02-03
google,682,2019-11-07
bing,315,2019-09-17
Website Subscribers,1283,2019-09-24
codebar.io,375,2020-01-15
bing,146,2019-09-28
Website Subscribers,1567,2019-09-02
digitalworld.net,463,2020-02-04
codebar.io,373,2019-09-08
bing,236,2020-01-06
bing,320,2019-10-02
Website Subscribers,1487,2020-02-03
t.co,1115,2020-01-26
outlook.live.com,1029,2019-09-02
zapmeta.com.br,1633,2020-01-26
Website Subscribers,1484,2020-01-31
Website Subscribers,1531,2019-09-22
bpb.opendns.com,353,2019-09-09
bing,166,2019-11-14
google,567,2019-12-09
github.com,510,2020-01-11
google,643,2019-11-05
t.co,1203,2020-01-29
Website Subscribers,1342,2019-12-22
google,738,2019-10-07
l.messenger.com,821,2019-10-10
Website Subscribers,1391,2019-10-05
google,726,2020-02-05
google,751,2019-10-07
bing,142,2019-10-11
CodeClan Employer Partners 2018,398,2019-10-26
Website Subscribers,1508,2020-02-22
Website Subscribers,1497,2019-10-17
anderstonprimary.wordpress.com,60,2019-11-26
t.co,1115,2020-01-26
Website Subscribers,1609,2020-02-05
wo.hicloud.com,1618,2020-02-24
t.co,1124,2019-10-26
google,563,2019-11-26
bing,348,2019-12-02
google,547,2020-01-05
bing,147,2019-09-23
Website Subscribers,1416,2020-01-07
thisiscodebase.com,1242,2020-01-26
t.co,1200,2019-12-23
google,522,2019-11-14
bing,144,2019-10-11
planetdj.com,1038,2019-10-01
CodeClan Employer Partners 2018,383,2020-01-07
bing,315,2019-09-17
wojtekkutyla.pl,1624,2019-11-26
google,715,2019-09-20
bing,76,2019-09-03
bing,345,2020-01-20
linkedin.com,927,2020-01-30
Website Subscribers,1468,2019-12-03
google,577,2020-02-22
classroom.google,376,2019-11-26
prd.em.bsku.be,1037,2019-09-03
maps.apple.com,993,2020-02-12
google,563,2019-11-26
bing,329,2019-10-10
linkedin.com,971,2019-10-07
hs_email,787,2019-09-05
google,764,2019-12-30
wikihow.com,1619,2019-09-02
t.co,1193,2019-09-24
t.co,1209,2019-09-21
digitalworld.net,457,2020-01-20
bing,79,2019-11-09
coursebud.com,434,2020-01-12
bing,245,2019-09-12
google,562,2019-12-30
wojtekkutyla.pl,1621,2020-01-10
linkedin.com,850,2020-01-21
Website Subscribers,1489,2019-11-12
bing,337,2020-02-17
google,752,2019-09-08
Website Subscribers,1404,2019-12-10
CodeClan Employer Partners 2018,414,2019-11-06
Website Subscribers,1294,2019-09-13
bing,178,2020-02-03
rss.org.uk,1058,2020-02-03
Website Subscribers,1335,2019-09-12
bing,305,2019-11-06
Website Subscribers,1516,2019-10-04
t.co,1165,2019-10-26
ask,74,2019-09-27
findbusinesssupport.gov.scot,493,2019-10-04
Website Subscribers,1454,2019-10-25
quora.com,1045,2019-11-04
digitalworld.net,467,2020-01-06
google,678,2019-11-06
linkedin.com,957,2020-02-28
sqa.org.uk,1090,2020-02-02
bing,220,2019-09-03
bing,186,2020-01-08
Website Subscribers,1414,2020-01-02
linkedin.com,954,2019-10-01
t.co,1152,2020-01-26
3DWebsite Subscribers,2,2020-02-03
Website Subscribers,1425,2019-09-13
Website Subscribers,1511,2019-09-06
m.facebook.com,986,2019-11-27
(direct),11,2019-09-30
bing,155,2020-01-31
google,608,2020-02-06
google,641,2019-09-29
bing,285,2019-10-01
Website Subscribers,1569,2019-09-24
t.co,1151,2019-09-12
google,691,2019-12-13
Alumni Dec 2019,30,2020-02-05
secureweb.jpmchase.net,1076,2019-12-02
bing,93,2019-10-21
l.facebook.com,820,2020-02-21
linkedin.com,972,2019-10-03
shootingandsafety.com,1083,2020-02-07
Website Subscribers,1424,2019-10-05
google,725,2019-09-27
bing,293,2020-01-29
Website Subscribers,1576,2019-10-04
Alumni Dec 2019,37,2019-10-15
Website Subscribers,1477,2019-09-24
t.co,1151,2019-09-12
hs_email,787,2019-09-05
bing,131,2019-11-17
google,574,2020-01-15
potblack147.com,1043,2019-09-05
bing,219,2019-10-06
jumpingrivers.com,809,2019-09-02
Website Subscribers,1279,2019-09-09
bing,86,2019-12-20
t.co,1145,2019-10-08
bing,99,2020-02-02
Website Subscribers,1277,2019-09-02
google,661,2019-09-30
linkedin.com,917,2019-11-26
linkedin.com,868,2019-11-26
Website Subscribers,1571,2019-11-13
prd.em.bsku.be,1042,2019-10-28
Alumni Dec 2019,21,2020-02-05
CodeClan Employer Partners 2018,379,2019-11-29
linkedin.com,837,2019-10-14
bing,318,2019-12-15
intranet.educations.com,796,2019-11-09
google,637,2020-01-10
twitter.com,1252,2019-09-04
indeed.co.uk,804,2020-01-02
t.co,1183,2020-02-25
google,531,2019-09-02
bing,312,2019-12-29
linkedin.com,884,2020-02-21
getbottraffic4free.pw,509,2020-01-14
Website Subscribers,1327,2020-01-06
google,705,2019-11-13
linkedin.com,845,2019-09-06
google,732,2019-11-21
bing,110,2019-12-25
google,765,2019-09-24
Website Subscribers,1613,2019-09-03
edweb.ed.ac.uk,477,2019-09-23
linkedin.com,924,2019-09-27
t.co,1135,2019-11-03
Website Subscribers,1599,2020-01-04
t.co,1115,2020-01-26
CodeClan Employer Partners 2018,401,2019-09-21
m.facebook.com,983,2019-09-06
Website Subscribers,1380,2019-12-25
linkedin.com,926,2019-12-03
Alumni Dec 2019,46,2020-02-05
scottish-enterprise.com,1066,2020-01-13
Website Subscribers,1612,2020-02-12
Website Subscribers,1524,2019-11-19
Website Subscribers,1463,2019-11-01
bing,298,2020-02-20
linkedin.com,948,2019-12-01
Website Subscribers,1442,2020-01-17
statslife.org.uk,1112,2020-01-23
Website Subscribers,1479,2020-01-23
t.co,1115,2020-01-26
Website Subscribers,1522,2019-12-20
google,746,2019-12-28
Website Subscribers,1280,2020-01-09
bing,323,2020-01-01
Website Subscribers,1404,2019-12-10
CodeClan Employer Partners 2018,407,2019-09-12
bing,148,2020-02-03
linkedin.com,912,2019-12-03
google,552,2020-02-21
google,668,2020-02-03
bing,332,2019-12-28
bing,132,2019-12-23
google,638,2020-01-29
twitter.com,1254,2019-10-27
bing,201,2020-02-09
ecosia.org,474,2019-10-15
bing,163,2019-09-18
google,583,2020-01-14
github.com,517,2020-01-23
scottish-enterprise.com,1062,2020-02-03
bing,160,2020-01-26
Website Subscribers,1558,2019-12-23
Website Subscribers,1402,2019-11-28
linkedin.com,872,2019-10-25
Website Subscribers,1549,2019-09-12
opportunities.creativescotland.com,1030,2019-09-09
Website Subscribers,1566,2019-10-14
bing,252,2019-09-21
in.search.yahoo.com,780,2019-09-17
izito.ng,810,2019-10-05
bing,328,2019-09-12
investinedinburgh.com,802,2020-01-09
Website Subscribers,1434,2020-02-26
google,674,2019-11-29
bing,285,2019-10-01
veramichael.top,1257,2019-09-17
Website Subscribers,1534,2019-10-17
linkedin.com,910,2020-02-28
bing,158,2019-11-25
Website Subscribers,1426,2019-11-06
bing,165,2019-09-09
digitalworld.net,469,2019-12-15
bing,152,2019-09-23
Alumni Dec 2019,22,2019-09-27
Website Subscribers,1278,2020-01-13
Website Subscribers,1395,2019-09-23
digitalworld.net,459,2020-01-07
(direct),9,2020-01-28
myworldofwork.co.uk,1002,2019-09-04
bing,224,2019-10-01
bing,223,2019-09-21
google,626,2019-10-15
Alumni Dec 2019,35,2019-11-14
google,673,2019-09-18
bing,93,2019-10-21
linkedin.com,843,2019-09-29
medium.com,1003,2019-09-09
CodeClan Employer Partners 2018,412,2019-09-24
3DWebsite Subscribers,9,2020-01-28
techpp.com,1217,2019-09-02
Website Subscribers,1600,2020-02-03
ukstartupjobs.com,1252,2019-09-04
t.co,1130,2020-02-22
nih.hie.co.uk,1013,2019-10-02
3DWebsite Subscribers,10,2020-01-30
bing,290,2020-02-01
google,641,2019-09-29
bing,131,2019-11-17
facebook.com,491,2019-09-24
linkedin.com,963,2019-09-13
Website Subscribers,1398,2019-09-02
t.co,1162,2020-01-25
bing,180,2019-09-17
google,667,2019-10-10
datafest.global,446,2019-09-24
statslife.org.uk,1110,2020-01-17
Website Subscribers,1303,2019-10-28
bing,275,2020-02-11
t.co,1117,2019-09-05
opportunities.creativescotland.com,1035,2020-01-13
t.co,1192,2019-12-25
t.co,1167,2020-01-28
Website Subscribers,1386,2019-10-09
t.co,1124,2019-10-26
Website Subscribers,1341,2020-02-20
linkedin.com,932,2020-01-23
google,765,2019-09-24
t.co,1200,2019-12-23
bing,99,2020-02-02
linkedin.com,906,2019-12-02
statslife.org.uk,1091,2019-12-10
bing,186,2020-01-08
thecountrycook.net,1220,2019-12-03
tvsquared.com,1249,2019-10-10
google,575,2019-12-23
Website Subscribers,1367,2019-09-02
google,619,2020-01-09
Website Subscribers,1553,2019-09-01
Website Subscribers,1560,2020-01-01
classroom.google,371,2020-01-17
Website Subscribers,1378,2019-09-09
bing,349,2019-09-08
bpb.opendns.com,359,2020-01-07
bing,139,2020-01-15
linkedin.com,901,2019-11-05
google,531,2019-09-02
bing,338,2020-01-17
google,655,2020-02-03
Website Subscribers,1476,2020-01-30
Website Subscribers,1602,2019-12-10
google,607,2020-01-23
t.co,1164,2019-11-28
bing,91,2019-12-19
Website Subscribers,1386,2019-10-09
CodeClan Employer Partners 2018,395,2019-09-09
Website Subscribers,1272,2019-11-27
bing,167,2020-02-12
Website Subscribers,1385,2020-02-20
linkedin.com,900,2019-12-23
t.co,1125,2019-11-14
google,531,2019-09-02
linkedin.com,972,2019-10-03
Website Subscribers,1535,2019-11-08
CodeClan Employer Partners 2018,413,2019-12-08
medium.com,1011,2020-01-31
bing,193,2019-11-01
googleadservices.com,774,2019-09-09
google,699,2019-12-14
Website Subscribers,1540,2019-09-05
bing,293,2020-01-29
bing,304,2019-09-08
t.co,1126,2019-10-24
bing,260,2020-01-31
Website Subscribers,1600,2020-02-03
linkedin.com,855,2020-01-17
Alumni Dec 2019,35,2019-11-14
Website Subscribers,1597,2019-10-02
thewhin.co,1231,2019-09-02
digit.fyi,468,2019-11-25
google,616,2020-01-21
Website Subscribers,1465,2020-01-09
edinburgh-robotics.org,479,2020-01-12
Website Subscribers,1449,2019-09-24
bing,313,2019-09-02
confluence.devops.lloydsbanking.com,433,2019-09-29
linkedin.com,931,2020-01-07
bing,148,2020-02-03
androidfact.com,59,2020-02-01
google,614,2019-10-24
bing,304,2019-09-08
Website Subscribers,1557,2020-02-21
healthyeater.com,769,2019-10-06
coursebud.com,431,2019-12-03
google,579,2020-02-02
linkedin.com,958,2020-02-05
google,683,2019-09-05
lm.facebook.com,986,2019-11-27
Website Subscribers,1358,2019-09-09
classroom.google,375,2020-01-15
getbottraffic4free.pw,512,2019-10-16
medicalnewstoday.com,1000,2019-11-06
ask,69,2020-02-05
scotlandis.com,1064,2019-12-20
Website Subscribers,1404,2019-12-10
Website Subscribers,1423,2020-01-06
thewhin.co,1233,2019-11-09
Website Subscribers,1546,2019-12-03
bing,176,2019-12-21
bing,290,2020-02-01
google,715,2019-09-20
Website Subscribers,1529,2019-09-30
linkedin.com,896,2019-10-02
bing,77,2019-09-15
Website Subscribers,1370,2020-01-25
gamingnewsmedia.com,513,2019-10-07
Website Subscribers,1303,2019-10-28
edweb.ed.ac.uk,482,2020-02-13
Website Subscribers,1482,2019-09-05
Website Subscribers,1540,2019-09-05
linkedin.com,853,2019-09-24
Website Subscribers,1580,2019-09-18
google,744,2019-11-19
linkedin.com,923,2019-12-25
t.co,1161,2019-10-21
twitter.com,1251,2019-10-14
uktech.news,1264,2020-01-20
Website Subscribers,1403,2019-11-12
hie.node1.id-demo.co.uk,783,2020-02-06
ecosia.org,477,2019-09-23
maas-scotland.com,983,2019-09-06
Website Subscribers,1579,2019-09-24
linkedin.com,887,2019-12-26
bing,341,2019-09-18
Website Subscribers,1374,2019-09-24
linkedin.com,891,2020-02-03
Website Subscribers,1479,2020-01-23
m.facebook.com,985,2019-09-16
security-eu.mimecast.com,1079,2019-09-13
Website Subscribers,1467,2019-12-10
google,609,2019-10-27
Website Subscribers,1570,2019-09-24
Website Subscribers,1406,2019-11-06
creativecitychallenge.com,435,2019-12-23
bing,303,2020-01-17
Website Subscribers,1337,2019-09-02
google,563,2019-11-26
bing,111,2019-10-24
Website Subscribers,1519,2019-10-04
bing,318,2019-12-15
google,735,2019-12-21
Website Subscribers,1330,2020-01-07
bing,96,2019-11-27
google,758,2019-10-02
rss.org.uk,1048,2019-09-23
t.co,1128,2019-09-18
google,678,2019-11-06
google,689,2020-02-06
bing,314,2019-10-20
bing,309,2019-09-18
Website Subscribers,1500,2020-01-10
Alumni Dec 2019,52,2019-11-01
turingfest.com,1244,2020-01-14
casebagsy.com,356,2020-02-24
bing,338,2020-01-17
linkedin.com,960,2019-12-05
Alumni Dec 2019,20,2019-10-08
amazon.com,64,2019-11-14
